file_name,device_info_serial,date_time,index,speed_2d,prediction,confidence,altitude,temperature,runtime,model,inPark,longitude,latitude,WENT_BACK,counttime,temp_diff,time_diff,tempchange,temp_drop_flag,feeding_event
5557_2024-06-19 00:57:23_2024-06-19 04:04:13.csv,5557,2024-06-19T03:45:37Z,0,9.806,Flap,0.98,15,26.6,2025-05-21T11:04:49Z,45_best,0,4.5742435,52.4713197,1,1718768737,-3.1999999999999993,895,-0.003575418994413407,1,1
5557_2024-06-26 00:02:40_2024-06-26 01:25:35.csv,5557,2024-06-26T01:11:44Z,0,0.6674,SitStand,0.48,0,19.7,2025-05-21T11:04:38Z,45_best,0,4.4894472,52.4965561,1,1719364304,-8.3,140,-0.05928571428571429,1,1
5557_2024-06-29 00:25:40_2024-06-29 01:56:20.csv,5557,2024-06-29T01:30:40Z,0,9.7821,Flap,0.99,1,29.6,2025-05-21T11:04:32Z,45_best,0,4.4781858,52.550421299999996,1,1719624640,-3.1999999999999957,138,-0.02318840579710142,1,1
5557_2024-07-08 19:03:07_2024-07-08 20:05:30.csv,5557,2024-07-08T19:31:54Z,0,8.5179,Flap,0.99,12,26.1,2025-05-21T11:04:15Z,45_best,0,4.4186398,52.5487737,1,1720467114,-2.3999999999999986,288,-0.008333333333333328,1,1
5557_2024-07-13 00:01:21_2024-07-13 00:45:20.csv,5557,2024-07-13T00:06:09Z,0,10.7678,Flap,0.99,5,28.3,2025-05-21T11:03:58Z,45_best,0,4.5011722,52.5487594,1,1720829169,-3.099999999999998,288,-0.010763888888888882,1,1
5579_2024-05-01 19:08:41_2024-05-01 20:20:23.csv,5579,2024-05-01T19:13:38Z,0,12.2468,Flap,0.99,37,26.5,2025-05-21T10:57:43Z,45_best,0,4.4862853,52.4657544,1,1714590818,-2.8999999999999986,297,-0.00976430976430976,1,1
5579_2024-05-05 19:22:44_2024-05-05 21:24:34.csv,5579,2024-05-05T19:43:05Z,0,1.4669,Pecking,0.26,-2,17.6,2025-05-21T10:57:36Z,45_best,0,4.3437408,52.4405889,1,1714938185,-5,6,-0.8333333333333334,1,1
5579_2024-05-08 19:02:21_2024-05-08 20:22:33.csv,5579,2024-05-08T19:28:54Z,0,0.5493,Float,0.99,2,18.5,2025-05-21T10:57:30Z,45_best,0,4.4246697,52.4846006,1,1715196534,-5.300000000000001,57,-0.09298245614035089,1,1
5579_2024-05-09 19:59:12_2024-05-09 21:31:59.csv,5579,2024-05-09T21:22:23Z,0,12.9228,Flap,1,21,24.4,2025-05-21T10:57:23Z,45_best,0,4.4633224,52.4669107,1,1715289743,-2.6000000000000014,289,-0.008996539792387548,1,1
5579_2024-06-08 15:19:54_2024-06-08 16:23:41.csv,5579,2024-06-08T15:40:43Z,0,4.8937,Flap,0.99,9,23.2,2025-05-21T10:57:03Z,45_best,0,4.4319687,52.4757551,1,1717861243,-2.8000000000000007,287,-0.009756097560975611,1,1
5579_2024-06-09 05:43:49_2024-06-09 08:01:46.csv,5579,2024-06-09T06:26:58Z,0,3.9376,Soar,0.46,-25,21.3,2025-05-21T10:56:58Z,45_best,0,4.4923594,52.5444119,1,1717914418,-3.3000000000000007,311,-0.010610932475884247,1,1
5579_2024-06-10 05:06:59_2024-06-10 06:33:35.csv,5579,2024-06-10T05:45:21Z,0,7.1471,Flap,1,8,18.6,2025-05-21T10:56:51Z,45_best,0,4.3231379,52.512808,1,1717998321,-2.5,289,-0.00865051903114187,1,1
5579_2024-06-11 05:53:41_2024-06-11 07:30:15.csv,5579,2024-06-11T06:44:51Z,0,2.3213,Flap,0.92,13,21.6,2025-05-21T10:56:46Z,45_best,0,4.4821905,52.5421282,1,1718088291,-3.599999999999998,735,-0.0048979591836734665,1,1
5579_2024-06-17 05:19:44_2024-06-17 06:51:11.csv,5579,2024-06-17T05:58:23Z,0,1.6436,Soar,0.45,6,22,2025-05-21T10:56:28Z,45_best,0,4.3030403,52.4550713,1,1718603903,-2.3000000000000007,293,-0.007849829351535838,1,1
5579_2024-06-17 17:36:11_2024-06-17 18:55:54.csv,5579,2024-06-17T18:00:57Z,0,11.6414,Flap,1,26,30,2025-05-21T10:56:34Z,45_best,0,4.5055681,52.4799688,1,1718647257,-2.3999999999999986,287,-0.008362369337979089,1,1
5579_2024-06-19 17:19:21_2024-06-19 19:25:09.csv,5579,2024-06-19T18:59:38Z,0,0.3984,Float,0.97,-8,21.9,2025-05-21T10:56:22Z,45_best,0,4.4428328,52.4339799,1,1718823578,-3.6000000000000014,290,-0.01241379310344828,1,1
5579_2024-06-24 02:11:02_2024-06-24 02:49:39.csv,5579,2024-06-24T02:16:05Z,0,6.827,Flap,0.86,2,20.3,2025-05-21T10:56:10Z,45_best,0,4.5253681,52.4281685,1,1719195365,-5.300000000000001,293,-0.01808873720136519,1,1
5579_2024-06-25 05:05:46_2024-06-25 08:47:12.csv,5579,2024-06-25T06:42:19Z,0,1.3023,SitStand,0.58,0,21.6,2025-05-21T10:56:04Z,45_best,1,4.1659908,52.3822956,1,1719297739,-6.299999999999997,290,-0.021724137931034473,1,1
5579_2024-06-26 15:36:58_2024-06-26 16:15:58.csv,5579,2024-06-26T16:00:09Z,0,7.5943,Flap,0.99,20,30.5,2025-05-21T10:55:46Z,45_best,0,4.5369631,52.4264387,1,1719417609,-3.799999999999997,136,-0.027941176470588216,1,1
5579_2024-06-27 01:15:59_2024-06-27 02:34:05.csv,5579,2024-06-27T02:00:27Z,0,0.184,Float,0.68,-4,24.2,2025-05-21T10:55:40Z,45_best,0,4.5378486,52.4226464,1,1719453627,-3.8000000000000007,317,-0.011987381703470034,1,1
5579_2024-06-27 03:58:22_2024-06-27 07:54:10.csv,5579,2024-06-27T04:52:43Z,0,10.4834,Flap,0.99,39,25.9,2025-05-21T10:55:34Z,45_best,0,4.1091377,52.5387954,1,1719463963,-2.3000000000000007,288,-0.007986111111111114,1,1
5579_2024-06-28 05:45:53_2024-06-28 09:06:11.csv,5579,2024-06-28T08:10:48Z,0,3.9414,Flap,0.98,2,25,2025-05-21T10:55:17Z,45_best,0,4.2921832,52.5372644,1,1719562248,-2.6000000000000014,304,-0.008552631578947372,1,1
5579_2024-07-02 00:34:18_2024-07-02 03:33:51.csv,5579,2024-07-02T01:56:00Z,0,6.6548,Flap,0.98,8,23.8,2025-05-21T10:54:35Z,45_best,0,4.4130894,52.4809782,1,1719885360,-3.5,576,-0.006076388888888889,1,1
5579_2024-07-03 01:33:24_2024-07-03 04:14:12.csv,5579,2024-07-03T03:06:28Z,0,10.0993,Flap,0.98,45,22.6,2025-05-21T10:54:29Z,45_best,1,4.2444733,52.4096577,1,1719975988,-2.3999999999999986,288,-0.008333333333333328,1,1
5579_2024-07-10 13:30:11_2024-07-10 14:52:19.csv,5579,2024-07-10T14:23:32Z,0,9.3452,Flap,0.98,43,27.1,2025-05-21T10:53:59Z,45_best,0,4.5266417,52.4112533,1,1720621412,-3.6999999999999993,289,-0.012802768166089964,1,1
5579_2024-07-20 03:04:37_2024-07-20 06:04:39.csv,5579,2024-07-20T03:23:48Z,0,1.5566,Float,0.47,3,28.2,2025-05-21T10:53:04Z,45_best,0,4.1182607,52.5538815,1,1721445828,-2.6000000000000014,864,-0.003009259259259261,1,1
5579_2024-07-20 03:04:37_2024-07-20 06:04:39.csv,5579,2024-07-20T03:58:08Z,0,1.9535,Boat,0.95,0,27.1,2025-05-21T10:53:04Z,45_best,1,4.1777127,52.6293266,1,1721447888,-2.599999999999998,301,-0.008637873754152817,1,1
5579_2024-07-28 02:27:57_2024-07-28 04:42:19.csv,5579,2024-07-28T03:21:50Z,0,1.4838,Float,1,-5,25.3,2025-05-21T10:52:42Z,45_best,0,4.3335545,52.4195495,1,1722136910,-3.1999999999999993,289,-0.01107266435986159,1,1
5579_2024-07-29 04:21:19_2024-07-29 04:31:17.csv,5579,2024-07-29T04:31:17Z,0,1.0277,SitStand,0.92,7,26.8,2025-05-21T10:52:37Z,45_best,0,4.5757902,52.4650033,1,1722227477,-3.599999999999998,295,-0.012203389830508468,1,1
5615_2024-05-05 19:18:09_2024-05-05 21:14:38.csv,5615,2024-05-05T20:45:51Z,0,9.1291,Flap,0.99,-3,23.3,2025-05-21T11:08:31Z,45_best,0,4.4216645,52.458517,1,1714941951,-5.399999999999999,296,-0.018243243243243237,1,1
5615_2024-06-20 15:20:43_2024-06-20 20:07:56.csv,5615,2024-06-20T15:33:54Z,0,0.3647,Float,0.97,-4,24.2,2025-05-21T11:07:53Z,45_best,0,4.457551,52.4574738,1,1718897634,-4.400000000000002,297,-0.014814814814814822,1,1
5615_2024-06-24 03:10:57_2024-06-24 06:33:35.csv,5615,2024-06-24T05:26:24Z,0,11.1453,Flap,1,37,28,2025-05-21T11:07:47Z,45_best,0,4.2407022,52.3361808,1,1719206784,-4.100000000000001,287,-0.01428571428571429,1,1
5615_2024-06-24 03:10:57_2024-06-24 06:33:35.csv,5615,2024-06-24T04:43:14Z,0,9.7262,Flap,1,52,25.8,2025-05-21T11:07:47Z,45_best,1,4.1838026,52.3860585,1,1719204194,-5.699999999999999,288,-0.019791666666666666,1,1
5615_2024-06-30 02:21:43_2024-06-30 06:35:30.csv,5615,2024-06-30T04:49:41Z,0,14.9564,Soar,1,84,26.8,2025-05-21T11:07:35Z,45_best,1,4.1761072,52.41176,1,1719722981,-4.399999999999999,287,-0.015331010452961667,1,1
5615_2024-07-09 15:02:05_2024-07-09 19:26:15.csv,5615,2024-07-09T15:06:53Z,0,8.3971,Flap,1,-5,28.5,2025-05-21T11:07:29Z,45_best,0,4.5380919,52.4590139,1,1720537613,-3.700000000000003,288,-0.012847222222222232,1,1
5615_2024-07-11 02:07:13_2024-07-11 04:28:17.csv,5615,2024-07-11T04:09:06Z,0,11.7813,Flap,0.99,15,26.7,2025-05-21T11:07:17Z,45_best,0,4.4711117,52.5570044,1,1720670946,-2.5,296,-0.008445945945945946,1,1
5615_2024-07-11 02:07:13_2024-07-11 04:28:17.csv,5615,2024-07-11T03:39:13Z,0,1.2756,Float,0.97,-4,23.4,2025-05-21T11:07:17Z,45_best,1,4.4313215,52.5795256,1,1720669153,-3.200000000000003,287,-0.011149825783972136,1,1
5615_2024-07-15 17:38:59_2024-07-15 19:06:11.csv,5615,2024-07-15T18:03:36Z,0,0.2364,Float,0.71,-2,24.2,2025-05-21T11:07:00Z,45_best,0,4.379023,52.4274139,1,1721066616,-3.3000000000000007,308,-0.010714285714285716,1,1
5615_2024-07-17 16:11:30_2024-07-17 20:23:27.csv,5615,2024-07-17T19:25:53Z,0,10.7222,Flap,1,20,27,2025-05-21T11:06:43Z,45_best,0,4.0161061,52.546957,1,1721244353,-4.899999999999999,2135,-0.002295081967213114,1,1
5615_2024-07-17 16:11:30_2024-07-17 20:23:27.csv,5615,2024-07-17T17:42:04Z,0,11.3649,Flap,1,65,26.6,2025-05-21T11:06:43Z,45_best,1,4.2497034,52.6155738,1,1721238124,-2.6999999999999993,307,-0.008794788273615633,1,1
5615_2024-07-17 16:55:46_2024-07-17 20:04:18.csv,5615,2024-07-17T19:25:53Z,0,10.7222,Flap,1,20,27,2025-05-21T11:06:49Z,45_best,0,4.0161061,52.546957,1,1721244353,-4.899999999999999,2135,-0.002295081967213114,1,1
5615_2024-07-17 16:55:46_2024-07-17 20:04:18.csv,5615,2024-07-17T17:42:04Z,0,11.3649,Flap,1,65,26.6,2025-05-21T11:06:49Z,45_best,1,4.2497034,52.6155738,1,1721238124,-2.6999999999999993,307,-0.008794788273615633,1,1
5717_2024-05-01 00:02:35_2024-05-01 03:56:40.csv,5717,2024-05-01T00:52:26Z,0,0.8552,Float,0.52,-7,23.5,2025-05-21T10:41:29Z,45_best,0,4.4160763,52.4242204,1,1714524746,-5.399999999999999,296,-0.018243243243243237,1,1
5717_2024-05-02 00:03:08_2024-05-02 03:20:55.csv,5717,2024-05-02T03:06:09Z,0,5.6498,Flap,1,-2,24.1,2025-05-21T10:41:16Z,45_best,0,4.5061025,52.5189187,1,1714619169,-6.399999999999999,287,-0.022299651567944247,1,1
5717_2024-05-13 20:01:39_2024-05-13 20:29:42.csv,5717,2024-05-13T20:09:21Z,0,0.758,Float,0.7,2,24.1,2025-05-21T10:41:04Z,45_best,0,4.4661041,52.483524,1,1715630961,-4.099999999999998,290,-0.014137931034482751,1,1
5717_2024-07-31 04:15:53_2024-07-31 09:25:14.csv,5717,2024-07-31T06:09:20Z,0,0.6991,TerLoco,0.42,-4,28.3,2025-05-21T10:40:30Z,45_best,1,4.1014049,52.3883373,1,1722406160,-3.099999999999998,288,-0.010763888888888882,1,1
5717_2024-07-31 08:44:48_2024-07-31 19:28:23.csv,5717,2024-07-31T16:17:06Z,0,16.5797,Soar,1,264,32.3,2025-05-21T10:40:24Z,45_best,0,4.5065688,52.4563845,1,1722442626,-9.5,1828,-0.005196936542669584,1,1
5861_2024-05-12 14:17:53_2024-05-12 15:40:30.csv,5861,2024-05-12T15:30:54Z,0,0.5704,Float,0.92,-11,29.5,2025-05-21T14:46:10Z,45_best,0,4.5279798,52.4828185,1,1715527854,-6.200000000000003,288,-0.021527777777777788,1,1
5861_2024-05-31 06:27:49_2024-05-31 07:03:01.csv,5861,2024-05-31T06:46:09Z,0,8.9883,Flap,0.99,38,29,2025-05-21T14:45:57Z,45_best,0,4.4454606,52.4969078,1,1717137969,-2.3000000000000007,204,-0.011274509803921572,1,1
5861_2024-06-24 00:01:49_2024-06-24 02:03:40.csv,5861,2024-06-24T01:58:06Z,0,8.8746,Flap,0.99,10,27.9,2025-05-21T14:45:45Z,45_best,0,4.5240359,52.4291608,1,1719194286,-8.100000000000001,286,-0.028321678321678326,1,1
5942_2024-06-18 04:10:08_2024-06-18 07:32:11.csv,5942,2024-06-18T05:46:08Z,0,11.6962,Flap,0.99,37,24.2,2025-05-21T14:53:08Z,45_best,0,4.2113514,52.4492477,1,1718689568,-5.400000000000002,289,-0.018685121107266445,1,1
5965_2024-05-15 06:12:06_2024-05-15 07:43:02.csv,5965,2024-05-15T06:21:56Z,0,2.0016,TerLoco,0.54,-14,32.6,2025-06-11T09:44:38Z,45_best,0,4.9005413,52.3971793,1,1715754116,-2.3999999999999986,310,-0.007741935483870963,1,1
5965_2024-05-15 06:12:06_2024-05-15 07:43:02.csv,5965,2024-05-15T06:56:19Z,0,10.7574,Flap,1,47,32,2025-06-11T09:44:38Z,45_best,0,4.8156856,52.4110346,1,1715756179,-2.3999999999999986,575,-0.004173913043478259,1,1
5965_2024-05-27 19:11:00_2024-05-27 19:50:31.csv,5965,2024-05-27T19:13:08Z,0,0.7057,Pecking,0.56,-3,25.6,2025-06-11T09:45:51Z,45_best,0,4.5445866,52.4562042,1,1716837188,-5,9,-0.5555555555555556,1,1
5965_2024-06-02 22:50:00_2024-06-02 23:28:23.csv,5965,2024-06-02T22:59:35Z,0,0.8206,Float,1,0,24.4,2025-06-11T09:45:38Z,45_best,0,4.561333,52.496298,1,1717369175,-5.900000000000002,287,-0.020557491289198614,1,1
5965_2024-06-05 03:59:58_2024-06-05 04:57:46.csv,5965,2024-06-05T04:19:10Z,0,16.0357,Manouvre,0.67,8,24.5,2025-06-11T09:45:30Z,45_best,0,4.5064233,52.505068,1,1717561150,-2.6000000000000014,288,-0.009027777777777782,1,1
5965_2024-06-05 13:14:04_2024-06-05 14:01:48.csv,5965,2024-06-05T13:43:49Z,0,1.6232,ExFlap,1,1,28.6,2025-06-11T09:45:34Z,45_best,0,4.4638336,52.3988474,1,1717595029,-2.099999999999998,27,-0.0777777777777777,1,1
5965_2024-06-06 16:09:38_2024-06-06 16:44:47.csv,5965,2024-06-06T16:21:21Z,0,3.8708,Flap,0.7,9,23.9,2025-06-11T09:45:25Z,45_best,0,4.472066,52.3862809,1,1717690881,-5.200000000000003,9,-0.5777777777777781,1,1
5965_2024-06-08 08:13:26_2024-06-08 09:22:43.csv,5965,2024-06-08T09:07:29Z,0,1.8735,ExFlap,0.67,-5,26.2,2025-06-11T09:45:16Z,45_best,0,4.4380721,52.4184935,1,1717837649,-3.6999999999999993,9,-0.41111111111111104,1,1
5965_2024-06-08 19:50:33_2024-06-08 20:09:44.csv,5965,2024-06-08T20:09:44Z,0,0.2677,Float,0.37,4,23.9,2025-06-11T09:45:20Z,45_best,0,4.5757627,52.464824900000004,1,1717877384,-4.600000000000001,288,-0.015972222222222228,1,1
5965_2024-06-13 06:04:04_2024-06-13 07:18:57.csv,5965,2024-06-13T06:26:48Z,0,1.0456,Flap,0.75,4,23,2025-06-11T09:44:49Z,45_best,0,4.3708721,52.4809348,1,1718260008,-3.6999999999999993,36,-0.10277777777777776,1,1
5965_2024-06-14 00:01:34_2024-06-14 02:24:51.csv,5965,2024-06-14T00:54:59Z,0,0.6849,Float,0.85,1,28.5,2025-06-11T09:44:43Z,45_best,0,4.5141757,52.4468165,1,1718326499,-3,284,-0.01056338028169014,1,1
5965_2024-06-18 01:45:17_2024-06-18 02:59:26.csv,5965,2024-06-18T02:26:06Z,0,0.3651,SitStand,0.67,-2,20.6,2025-06-11T09:44:24Z,45_best,0,4.4534406,52.3150118,1,1718677566,-5.099999999999998,9,-0.5666666666666664,1,1
5965_2024-06-21 18:52:07_2024-06-21 20:58:19.csv,5965,2024-06-21T19:23:03Z,0,4.0842,Flap,0.96,-4,24.1,2025-06-11T09:44:16Z,45_best,0,4.4622095,52.6160986,1,1718997783,-7.299999999999997,9,-0.8111111111111108,1,1
5965_2024-06-22 20:37:35_2024-06-22 21:30:35.csv,5965,2024-06-22T20:59:02Z,0,6.9876,Flap,1,-2,29.9,2025-06-11T09:44:02Z,45_best,0,4.460298,52.3823398,1,1719089942,-2.3000000000000043,18,-0.12777777777777802,1,1
5965_2024-06-23 02:46:19_2024-06-23 03:52:11.csv,5965,2024-06-23T03:00:43Z,0,11.4312,Flap,1,30,28.1,2025-06-11T09:43:57Z,45_best,0,4.4885621,52.5733271,1,1719111643,-2.8999999999999986,576,-0.00503472222222222,1,1
5965_2024-06-24 01:25:34_2024-06-24 02:58:38.csv,5965,2024-06-24T02:32:53Z,0,0.2505,SitStand,0.97,-3,22.5,2025-06-11T09:43:38Z,45_best,0,4.3591221000000004,52.5511666,1,1719196373,-6.800000000000001,9,-0.7555555555555556,1,1
5965_2024-06-29 10:25:30_2024-06-29 11:48:31.csv,5965,2024-06-29T10:51:23Z,0,8.6921,Flap,1,-3,29,2025-06-11T09:43:01Z,45_best,0,4.3139588,52.4367761,1,1719658283,-3.799999999999997,9,-0.4222222222222219,1,1
5965_2024-07-04 04:35:55_2024-07-04 05:56:28.csv,5965,2024-07-04T05:56:28Z,0,9.029,Soar,0.99,7,29.5,2025-06-11T09:42:39Z,45_best,0,4.544684,52.459324,1,1720072588,-5.799999999999997,897,-0.006465997770345593,1,1
5965_2024-07-04 13:34:20_2024-07-04 14:37:48.csv,5965,2024-07-04T14:04:13Z,0,4.0283,Flap,1,10,29.5,2025-06-11T09:42:43Z,45_best,0,4.5479197,52.5875562,1,1720101853,-3,288,-0.010416666666666666,1,1
5965_2024-07-16 03:34:28_2024-07-16 04:13:00.csv,5965,2024-07-16T04:08:06Z,0,19.5027,Flap,0.99,10,27.4,2025-06-11T09:42:19Z,45_best,0,4.542679,52.456178,1,1721102886,-2.200000000000003,289,-0.007612456747404854,1,1
5965_2024-07-17 20:40:06_2024-07-17 21:13:43.csv,5965,2024-07-17T21:04:06Z,0,10.2073,Flap,0.89,21,27,2025-06-11T09:42:15Z,45_best,0,4.5232107,52.4402722,1,1721250246,-2.6000000000000014,576,-0.004513888888888891,1,1
5965_2024-07-26 12:57:31_2024-07-26 13:08:36.csv,5965,2024-07-26T13:08:36Z,0,6.2005,Manouvre,0.69,22,35.5,2025-06-11T09:41:56Z,45_best,0,4.5857648,52.4600585,1,1721999316,-2.1000000000000014,299,-0.007023411371237463,1,1
5977_2024-05-06 00:10:18_2024-05-06 03:37:51.csv,5977,2024-05-06T01:34:51Z,0,0.6435,Float,1,-28,34.7,2025-06-11T09:50:17Z,45_best,0,4.2627635,52.4109807,1,1714959291,-2.6999999999999957,290,-0.009310344827586192,1,1
5977_2024-05-06 00:10:18_2024-05-06 03:37:51.csv,5977,2024-05-06T00:50:28Z,0,8.9595,Flap,0.97,-2,32.2,2025-06-11T09:50:17Z,45_best,1,4.2268676,52.386511,1,1714956628,-4.899999999999999,300,-0.016333333333333328,1,1
5977_2024-06-20 04:43:00_2024-06-20 06:29:25.csv,5977,2024-06-20T05:57:25Z,0,0.8009,Soar,0.58,3,19.4,2025-06-11T09:49:32Z,45_best,0,4.3987959,52.5097618,1,1718863045,-8.700000000000003,97,-0.08969072164948456,1,1
5979_2024-05-09 19:08:16_2024-05-09 21:38:55.csv,5979,2024-05-09T21:38:55Z,0,12.217,Flap,0.99,2,22,2025-05-21T11:00:57Z,45_best,0,4.5652685,52.4647982,1,1715290735,-6.399999999999999,1801,-0.0035535813436979448,1,1
5979_2024-06-19 18:43:01_2024-06-19 20:42:48.csv,5979,2024-06-19T19:12:51Z,0,6.2263,Flap,0.98,50,22.9,2025-05-21T11:00:51Z,45_best,0,4.4880402,52.4882811,1,1718824371,-9.100000000000001,1790,-0.005083798882681565,1,1
5979_2024-06-20 19:46:30_2024-06-20 21:47:30.csv,5979,2024-06-20T20:16:19Z,0,10.0023,Flap,0.99,36,24.6,2025-05-21T11:00:46Z,45_best,0,4.5468744,52.515461,1,1718914579,-6.5,1789,-0.0036333147009502517,1,1
5979_2024-07-01 14:09:57_2024-07-01 16:18:03.csv,5979,2024-07-01T15:48:09Z,0,0.038,SitStand,0.98,8,33.3,2025-05-21T11:00:27Z,45_best,0,4.5749709,52.4654709,1,1719848889,-2.700000000000003,5892,-4.5824847250509215e-4,1,1
5979_2024-07-02 20:36:30_2024-07-02 21:34:16.csv,5979,2024-07-02T21:00:28Z,0,6.7466,ExFlap,0.97,6,22.7,2025-05-21T11:00:21Z,45_best,0,4.5000924,52.6051307,1,1719954028,-4.199999999999999,287,-0.014634146341463412,1,1
5979_2024-07-17 08:19:51_2024-07-17 08:59:07.csv,5979,2024-07-17T08:54:18Z,0,7.8605,ExFlap,0.96,-78,30.2,2025-05-21T11:00:10Z,45_best,0,4.529524,52.4584755,1,1721206458,-9.400000000000002,292,-0.032191780821917815,1,1
5979_2024-07-19 16:28:44_2024-07-19 17:41:17.csv,5979,2024-07-19T16:52:44Z,0,11.0803,Flap,0.99,59,31.6,2025-05-21T11:00:05Z,45_best,1,4.2305007,52.3861899,1,1721407964,-2.1000000000000014,1152,-0.001822916666666668,1,1
7014_2024-05-03 03:43:25_2024-05-03 05:03:02.csv,7014,2024-05-03T04:33:10Z,0,7.1291,Flap,0.98,0,28.7,2025-05-21T14:42:09Z,45_best,0,4.5269999,52.4407301,1,1714710790,-4.199999999999999,590,-0.007118644067796609,1,1
7014_2024-05-06 06:28:37_2024-05-06 08:17:39.csv,7014,2024-05-06T08:07:47Z,0,13.3192,Flap,0.98,-7,29.2,2025-05-21T14:41:53Z,45_best,0,4.5432479,52.4716929,1,1714982867,-4.5000000000000036,592,-0.007601351351351357,1,1
7014_2024-05-08 04:16:35_2024-05-08 06:43:34.csv,7014,2024-05-08T05:16:34Z,0,0.5745,ExFlap,1,25,25.9,2025-05-21T14:41:42Z,45_best,0,4.5820618,52.5088863,1,1715145394,-6.300000000000004,592,-0.0106418918918919,1,1
7014_2024-05-17 00:03:28_2024-05-17 04:01:03.csv,7014,2024-05-17T03:01:52Z,0,3.5565,Soar,0.36,0,30.1,2025-05-21T14:41:20Z,45_best,0,4.5389195,52.4042521,1,1715914912,-6.100000000000001,1185,-0.005147679324894516,1,1
7014_2024-05-24 05:21:23_2024-05-24 09:53:48.csv,7014,2024-05-24T07:53:29Z,0,0.7651,SitStand,0.95,-4,32.3,2025-05-21T14:40:36Z,45_best,0,4.5049055,52.6820466,1,1716537209,-7.700000000000003,1899,-0.0040547656661400755,1,1
7014_2024-06-03 09:44:07_2024-06-03 11:32:49.csv,7014,2024-06-03T11:03:12Z,0,8.4318,Flap,0.98,17,31.8,2025-05-21T14:40:03Z,45_best,0,4.5047413,52.4599584,1,1717412592,-6.099999999999998,592,-0.010304054054054051,1,1
7014_2024-06-28 06:14:53_2024-06-28 07:17:15.csv,7014,2024-06-28T07:17:15Z,0,7.0355,Flap,0.9,-7,29.3,2025-05-21T14:38:59Z,45_best,0,4.5671509,52.4511635,1,1719559035,-4.800000000000001,575,-0.008347826086956523,1,1
7014_2024-06-30 16:00:55_2024-06-30 19:28:52.csv,7014,2024-06-30T18:50:13Z,0,4.3676,Soar,0.69,54,29.1,2025-05-21T14:38:54Z,45_best,0,4.4146632,52.5226968,1,1719773413,-4.899999999999999,287,-0.01707317073170731,1,1
7087_2024-05-07 15:17:55_2024-05-07 15:56:20.csv,7087,2024-05-07T15:37:07Z,0,2.1112,SitStand,0.4,8,26.1,2025-05-21T11:15:58Z,45_best,0,4.5581036,52.5422756,1,1715096227,-2.799999999999997,288,-0.009722222222222212,1,1
7087_2024-05-09 04:03:56_2024-05-09 05:01:28.csv,7087,2024-05-09T04:47:05Z,0,14.36,Flap,1,23,26.4,2025-05-21T11:15:47Z,45_best,0,4.5085716,52.3970456,1,1715230025,-5.300000000000001,288,-0.018402777777777782,1,1
7087_2024-05-09 06:27:05_2024-05-09 08:50:02.csv,7087,2024-05-09T08:30:50Z,0,1.4328,Float,0.95,-4,25,2025-05-21T11:15:53Z,45_best,0,4.5077819,52.4630809,1,1715243450,-6.600000000000001,286,-0.02307692307692308,1,1
7087_2024-05-10 05:59:25_2024-05-10 07:11:29.csv,7087,2024-05-10T07:06:39Z,0,0.8365,Float,1,2,23.3,2025-05-21T11:15:36Z,45_best,0,4.5482618,52.4757528,1,1715324799,-3.3999999999999986,866,-0.00392609699769053,1,1
7087_2024-05-14 15:58:39_2024-05-14 16:42:18.csv,7087,2024-05-14T16:37:31Z,0,11.007,Flap,1,8,28.6,2025-05-21T11:15:22Z,45_best,0,4.5401476,52.4146224,1,1715704651,-2.799999999999997,288,-0.009722222222222212,1,1
7087_2024-05-15 16:16:00_2024-05-15 16:55:12.csv,7087,2024-05-15T16:30:58Z,0,11.945,Flap,0.99,27,25.2,2025-05-21T11:15:05Z,45_best,0,4.4970126,52.421321,1,1715790658,-5.100000000000001,898,-0.005679287305122496,1,1
7087_2024-05-17 03:40:54_2024-05-17 07:45:06.csv,7087,2024-05-17T07:06:42Z,0,0.8351,Float,0.99,1,24.8,2025-05-21T11:14:43Z,45_best,0,4.583101,52.5208091,1,1715929602,-5.399999999999999,612,-0.008823529411764704,1,1
7087_2024-05-20 17:47:28_2024-05-20 21:56:37.csv,7087,2024-05-20T18:37:09Z,0,0.9437,Float,0.98,0,25.4,2025-05-21T11:14:31Z,45_best,0,4.4947081,52.3509995,1,1716230229,-4.600000000000001,288,-0.015972222222222228,1,1
7087_2024-05-23 20:22:53_2024-05-23 23:39:14.csv,7087,2024-05-23T22:12:51Z,0,0.5826,Float,1,-1,24.4,2025-05-21T11:14:14Z,45_best,0,4.4978347,52.3863099,1,1716502371,-4.800000000000001,289,-0.01660899653979239,1,1
7087_2024-06-02 13:15:53_2024-06-02 15:56:09.csv,7087,2024-06-02T15:04:10Z,0,4.638,ExFlap,0.98,-10,21.8,2025-05-21T11:13:21Z,45_best,1,4.2926357,52.5906282,1,1717340650,-6.800000000000001,18,-0.3777777777777778,1,1
7087_2024-06-13 05:31:01_2024-06-13 08:36:36.csv,7087,2024-06-13T06:40:48Z,0,4.1893,Flap,0.97,6,19.9,2025-05-21T11:12:18Z,45_best,0,4.4027821,52.641969,1,1718260848,-6.5,36,-0.18055555555555555,1,1
7087_2024-06-22 17:31:54_2024-06-22 18:49:57.csv,7087,2024-06-22T18:19:54Z,0,0.8068,Float,1,-2,25.4,2025-05-21T11:11:52Z,45_best,0,4.5781414,52.5413912,1,1719080394,-2.5,287,-0.008710801393728223,1,1
7087_2024-06-25 20:32:42_2024-06-25 22:18:31.csv,7087,2024-06-25T21:13:10Z,0,1.7056,Float,0.99,-6,27.7,2025-05-21T11:11:33Z,45_best,0,4.5627232,52.6200074,1,1719349990,-3.6999999999999993,304,-0.012171052631578945,1,1
7087_2024-07-15 16:42:35_2024-07-15 19:27:19.csv,7087,2024-07-15T17:59:24Z,0,0.567,Float,0.81,0,28,2025-05-21T11:10:39Z,45_best,0,4.4881248,52.4657495,1,1721066364,-3.8999999999999986,290,-0.01344827586206896,1,1
7087_2024-07-19 03:27:13_2024-07-19 09:26:46.csv,7087,2024-07-19T07:24:07Z,0,8.3662,Flap,0.94,41,33.2,2025-05-21T11:10:28Z,45_best,0,4.5995126,52.5236031,1,1721373847,-3.8999999999999986,287,-0.013588850174216023,1,1
7088_2024-05-15 03:45:21_2024-05-15 05:34:00.csv,7088,2024-05-15T05:34:00Z,0,12.1697,Flap,0.98,44,27.5,2025-05-21T10:50:44Z,45_best,0,4.5681878,52.4540412,1,1715751240,-4.100000000000001,881,-0.004653802497162317,1,1
7088_2024-05-15 09:01:59_2024-05-15 11:25:00.csv,7088,2024-05-15T09:11:35Z,0,0.7408,Float,0.98,9,25.5,2025-05-21T10:50:50Z,45_best,0,4.5309167,52.4361406,1,1715764295,-6.5,576,-0.011284722222222222,1,1
7088_2024-07-30 18:41:04_2024-07-30 19:24:59.csv,7088,2024-07-30T18:56:00Z,0,8.7612,Flap,0.99,9,28.3,2025-05-21T10:50:22Z,45_best,0,4.5187714,52.4877909,1,1722365760,-4.4999999999999964,896,-0.005022321428571425,1,1
7090_2024-05-13 06:57:46_2024-05-13 09:23:07.csv,7090,2024-05-13T09:13:22Z,0,0.1346,SitStand,0.93,2,31.4,2025-06-11T09:54:17Z,45_best,0,4.5848135,52.519985,1,1715591602,-7.399999999999999,873,-0.008476517754868268,1,1
7090_2024-05-19 09:49:55_2024-05-19 10:19:21.csv,7090,2024-05-19T10:09:37Z,0,2.5867,ExFlap,0.94,-4,29.2,2025-06-11T09:54:09Z,45_best,0,4.5549107,52.480125,1,1716113377,-4.699999999999999,287,-0.016376306620209058,1,1
7090_2024-05-23 11:18:31_2024-05-23 12:27:21.csv,7090,2024-05-23T12:02:18Z,0,0.0796,SitStand,0.99,-27,31.3,2025-06-11T09:54:01Z,45_best,0,4.5760334,52.4649379,1,1716465738,-2.6999999999999993,584,-0.004623287671232875,1,1
7090_2024-05-24 02:49:34_2024-05-24 03:28:57.csv,7090,2024-05-24T03:03:59Z,0,1.1845,Float,1,2,28,2025-06-11T09:53:56Z,45_best,0,4.5071901,52.381824,1,1716519839,-3.8000000000000007,289,-0.013148788927335642,1,1
7090_2024-05-27 06:21:37_2024-05-27 10:42:50.csv,7090,2024-05-27T10:33:15Z,0,1.9761,Float,0.99,3,34.7,2025-06-11T09:53:44Z,45_best,0,4.52874,52.4428934,1,1716805995,-5.699999999999996,1329,-0.004288939051918733,1,1
7090_2024-06-09 07:03:54_2024-06-09 07:21:58.csv,7090,2024-06-09T07:21:58Z,0,1.4525,Manouvre,0.84,-1,29.4,2025-06-11T09:53:21Z,45_best,0,4.5274787,52.4666565,1,1717917718,-2.400000000000002,285,-0.008421052631578954,1,1
7090_2024-06-13 19:28:17_2024-06-13 20:00:45.csv,7090,2024-06-13T19:55:58Z,0,15.4399,Flap,0.94,35,31.8,2025-06-11T09:53:17Z,45_best,0,4.521485,52.4528953,1,1718308558,-2.8000000000000007,291,-0.009621993127147769,1,1
7090_2024-07-07 12:33:14_2024-07-07 13:03:00.csv,7090,2024-07-07T12:42:48Z,0,8.2034,Flap,0.99,22,28.2,2025-06-11T09:52:41Z,45_best,0,4.5426164,52.4526479,1,1720356168,-3.1999999999999993,287,-0.011149825783972124,1,1
7090_2024-07-16 00:58:33_2024-07-16 01:38:13.csv,7090,2024-07-16T01:13:34Z,0,0.1238,Float,0.89,0,29.8,2025-06-11T09:52:25Z,45_best,0,4.5026476,52.4396965,1,1721092414,-5.300000000000001,901,-0.005882352941176471,1,1
7090_2024-07-16 22:31:11_2024-07-16 23:30:01.csv,7090,2024-07-16T22:46:06Z,0,9.5016,Flap,0.99,0,29.1,2025-06-11T09:52:29Z,45_best,0,4.5394024,52.444545,1,1721169966,-4.100000000000001,895,-0.00458100558659218,1,1
7090_2024-07-17 19:10:07_2024-07-17 20:56:12.csv,7090,2024-07-17T20:51:24Z,0,10.7432,Flap,0.99,60,30.9,2025-06-11T09:52:21Z,45_best,0,4.535812,52.4117758,1,1721249484,-4.200000000000003,577,-0.007279029462738306,1,1
7092_2024-06-03 06:37:08_2024-06-03 07:25:40.csv,7092,2024-06-03T06:56:20Z,0,4.0081,Flap,0.99,3,26.6,2025-05-21T10:39:05Z,45_best,0,4.495915,52.4467422,1,1717397780,-3,287,-0.010452961672473868,1,1
7092_2024-06-04 04:41:23_2024-06-04 06:04:02.csv,7092,2024-06-04T05:20:49Z,0,4.2769,Flap,0.99,-2,27.6,2025-05-21T10:38:59Z,45_best,0,4.5390667,52.5764386,1,1717478449,-2.099999999999998,287,-0.0073170731707317,1,1
7092_2024-06-05 13:07:32_2024-06-05 14:26:28.csv,7092,2024-06-05T13:22:28Z,0,0.546,SitStand,0.99,2,29.1,2025-05-21T10:38:53Z,45_best,0,4.5574455,52.4526181,1,1717593748,-9.799999999999997,896,-0.010937499999999998,1,1
7092_2024-06-09 06:06:18_2024-06-09 07:14:10.csv,7092,2024-06-09T06:19:50Z,0,3.1735,Flap,1,2,26.8,2025-05-21T10:38:39Z,45_best,0,4.4467746,52.4819041,1,1717913990,-2.6999999999999993,27,-0.09999999999999998,1,1
7092_2024-06-27 01:06:52_2024-06-27 02:46:01.csv,7092,2024-06-27T01:36:28Z,0,0.9717,Float,0.94,0,27.8,2025-05-21T10:38:02Z,45_best,0,4.4988995,52.5663027,1,1719452188,-5.300000000000001,288,-0.018402777777777782,1,1
7092_2024-06-27 04:32:42_2024-06-27 07:23:05.csv,7092,2024-06-27T05:45:38Z,0,0.4495,Float,0.34,0,30.8,2025-05-21T10:37:56Z,45_best,1,4.2663861,52.7399612,1,1719467138,-2.1999999999999993,9,-0.24444444444444435,1,1
7092_2024-06-30 02:03:20_2024-06-30 02:37:08.csv,7092,2024-06-30T02:37:08Z,0,0.9297,SitStand,0.83,3,27.9,2025-05-21T10:37:34Z,45_best,0,4.5531058,52.4539288,1,1719715028,-3.400000000000002,294,-0.011564625850340144,1,1
7092_2024-07-03 01:14:28_2024-07-03 01:52:53.csv,7092,2024-07-03T01:24:03Z,0,1.1062,Float,0.99,-4,25.9,2025-05-21T10:37:23Z,45_best,0,4.5151022,52.5016186,1,1719969843,-3.3000000000000007,287,-0.011498257839721257,1,1
7092_2024-07-09 02:53:36_2024-07-09 03:32:41.csv,7092,2024-07-09T03:08:30Z,0,7.8375,Flap,1,25,30.4,2025-05-21T10:37:12Z,45_best,0,4.4254984,52.4418317,1,1720494510,-4.399999999999999,894,-0.004921700223713645,1,1
7092_2024-07-09 18:51:44_2024-07-09 19:59:27.csv,7092,2024-07-09T19:15:44Z,0,0.9946,Float,0.96,-6,27.3,2025-05-21T10:37:18Z,45_best,0,4.4127998,52.4563803,1,1720552544,-2.8000000000000007,578,-0.004844290657439448,1,1
7092_2024-07-10 03:39:27_2024-07-10 05:30:10.csv,7092,2024-07-10T04:08:17Z,0,0.2631,Pecking,0.59,0,29.4,2025-05-21T10:37:07Z,45_best,0,4.46218,52.4647487,1,1720584497,-3.3999999999999986,289,-0.011764705882352936,1,1
7092_2024-07-10 03:39:27_2024-07-10 05:30:10.csv,7092,2024-07-10T05:01:20Z,0,0.9767,Float,0.38,1,30.5,2025-05-21T10:37:07Z,45_best,0,4.4280789,52.4554657,1,1720587680,-3.3999999999999986,289,-0.011764705882352936,1,1
7092_2024-07-13 00:33:07_2024-07-13 02:51:33.csv,7092,2024-07-13T00:57:11Z,0,1.0393,Float,1,-3,26.8,2025-05-21T10:36:51Z,45_best,0,4.4620001,52.5073384,1,1720832231,-5.199999999999999,290,-0.01793103448275862,1,1
7092_2024-07-15 17:20:27_2024-07-15 21:09:49.csv,7092,2024-07-15T17:58:55Z,0,0.5563,Float,0.98,-91,27.2,2025-05-21T10:36:45Z,45_best,0,4.4281138,52.4387614,1,1721066335,-4.199999999999999,292,-0.014383561643835615,1,1
7092_2024-07-16 02:52:01_2024-07-16 03:30:50.csv,7092,2024-07-16T03:11:36Z,0,0.4448,Float,0.86,-1,26.1,2025-05-21T10:36:39Z,45_best,0,4.4500858,52.4810086,1,1721099496,-3.8999999999999986,314,-0.012420382165605091,1,1
7092_2024-07-18 18:57:35_2024-07-18 20:15:54.csv,7092,2024-07-18T20:00:40Z,0,0.4299,SitStand,0.65,-5,27.8,2025-05-21T10:36:34Z,45_best,0,4.4335672,52.5132432,1,1721332840,-3.099999999999998,330,-0.009393939393939387,1,1
